{"gen": [{"score": 0, "parameters": [0.45903415818382864, 0.47435818293590537, -0.5630360652414899, 0.9523213063825058, -0.41663918693763313]}, {"score": 1, "parameters": [-0.5320788645276975, -0.44779729604807206, 0.7411118889527379, -0.2930360507624905, 0.2745147766278262]}]}