{"gen": [{"score": 1000, "parameters": [0.985207453849724, -0.285065248287748, 0.7178960007940456, -0.6494173364507794, -0.4773158162217288, 0.07119032828188925, 0.514470516734165, -0.1941343851534849, 0.47361399261612075, -0.029050251719207183, 0.8022994000131811, -0.031838241701956926],"functions": ["single_loop_isolated_tower", "enemy_single_loop_isolated_tower", "single_loop_tower5", "single_loop_tower4", "single_loop_tower3", "single_loop_tower2", "enemy_single_loop_tower5", "enemy_single_loop_tower4", "enemy_single_loop_tower3", "enemy_single_loop_tower2","score","remaining_actions"]}]}