{"gen": [{"score": 0, "parameters": [-0.9500815483336065, 0.6032696855524178, -0.08739606962170776, 0.601172208241975, -0.3180172865552655, -0.18402086162705777, -0.8160606850099552, 0.07957955166702946, -0.9285797794506137, 0.16098460671513593, 0.9718882690803956, 0.3816676188222987, -0.656202636894301, 0.2915293857082668, -0.6132184445971611, -0.37532330618989596, 0.008262266351960035, -0.8259724330612999, -0.43094297199520404, -0.5056677981775606, -0.27513729276791854], "functions": ["board_score", "board_tower5", "board_tower4", "board_tower3", "board_tower2", "board_tower1", "board_tower5_enemy", "board_tower4_enemy", "board_tower3_enemy", "board_tower2_enemy", "board_tower1_enemy", "board_isolated_tower5", "board_isolated_tower4", "board_isolated_tower3", "board_isolated_tower2", "board_isolated_tower1", "board_isolated_tower5_enemy", "board_isolated_tower4_enemy", "board_isolated_tower3_enemy", "board_isolated_tower2_enemy", "board_isolated_tower1_enemy"]}, {"score": 1, "parameters": [-0.7455553996044839, 0.48416322259416855, 0.42818434392676274, 0.5455585298996979, -0.6893184878849161, 0.27474051147838785, -0.01138886514317039, -0.649480287784479, -0.46595344388047333, 0.5770326227242564, -0.765157896183829, 0.16573470417557568, -0.15237436771655655, 0.8693703118586844, 0.8420622417821486, 0.10093507972481675, 0.920519542742487, -0.14578446357862807, -0.810282961003435, -0.8650950271601734, -0.09184123085159257], "functions": ["board_score", "board_tower5", "board_tower4", "board_tower3", "board_tower2", "board_tower1", "board_tower5_enemy", "board_tower4_enemy", "board_tower3_enemy", "board_tower2_enemy", "board_tower1_enemy", "board_isolated_tower5", "board_isolated_tower4", "board_isolated_tower3", "board_isolated_tower2", "board_isolated_tower1", "board_isolated_tower5_enemy", "board_isolated_tower4_enemy", "board_isolated_tower3_enemy", "board_isolated_tower2_enemy", "board_isolated_tower1_enemy"]}, {"score": 2, "parameters": [0.5349603818712709, 0.6485418665982978, -0.6600532311969114, 0.28356956112325693, -0.5646851946766691, 0.045747010730503135, 0.5791061050287516, 0.41988372108942884, 0.5175889022122357, -0.6317001454974802, 0.34423897052246466, -0.8952760517131704, 0.3772259512536016, 0.9305192059930381, -0.7601124258506124, 0.7576735824895653, 0.6515980803201462, 0.22795370064711085, -0.7347938502827367, -0.9523945256052562, -0.2987917688967563], "functions": ["board_score", "board_tower5", "board_tower4", "board_tower3", "board_tower2", "board_tower1", "board_tower5_enemy", "board_tower4_enemy", "board_tower3_enemy", "board_tower2_enemy", "board_tower1_enemy", "board_isolated_tower5", "board_isolated_tower4", "board_isolated_tower3", "board_isolated_tower2", "board_isolated_tower1", "board_isolated_tower5_enemy", "board_isolated_tower4_enemy", "board_isolated_tower3_enemy", "board_isolated_tower2_enemy", "board_isolated_tower1_enemy"]}, {"score": 3, "parameters": [-0.8333279915917986, -0.3565232299036636, 0.7216024480347165, 0.8098701555061782, -0.37145748226657815, 0.8532671873716609, -0.3451955175486874, -0.9462850014503772, -0.561611161384596, -0.6057765585223549, -0.13906863159806848, -0.7512050290403334, -0.9255884317292116, 0.8442161407190443, -0.6977840126386978, -0.5675782259322664, -0.5447987298020112, -0.9147680639990912, 0.5650534059372365, 0.7946238272246291, -0.5600211046725074], "functions": ["board_score", "board_tower5", "board_tower4", "board_tower3", "board_tower2", "board_tower1", "board_tower5_enemy", "board_tower4_enemy", "board_tower3_enemy", "board_tower2_enemy", "board_tower1_enemy", "board_isolated_tower5", "board_isolated_tower4", "board_isolated_tower3", "board_isolated_tower2", "board_isolated_tower1", "board_isolated_tower5_enemy", "board_isolated_tower4_enemy", "board_isolated_tower3_enemy", "board_isolated_tower2_enemy", "board_isolated_tower1_enemy"]}, {"score": 4, "parameters": [-0.7803712930200273, -0.22392852106037053, 0.3794015625912559, 0.07210195693961108, 0.7449693689558157, 0.7408116272657852, 0.0741945763367935, 0.03872486540184861, -0.7217059088445412, -0.32270713268850715, -0.9859564864835455, -0.8532942863108859, -0.09668425113823487, 0.7456077738911846, -0.8022644062490609, 0.9087708675415354, 0.28027004401948674, 0.11062326586567806, -0.7523992660180925, -0.11377082898236313, -0.9255515192808672], "functions": ["board_score", "board_tower5", "board_tower4", "board_tower3", "board_tower2", "board_tower1", "board_tower5_enemy", "board_tower4_enemy", "board_tower3_enemy", "board_tower2_enemy", "board_tower1_enemy", "board_isolated_tower5", "board_isolated_tower4", "board_isolated_tower3", "board_isolated_tower2", "board_isolated_tower1", "board_isolated_tower5_enemy", "board_isolated_tower4_enemy", "board_isolated_tower3_enemy", "board_isolated_tower2_enemy", "board_isolated_tower1_enemy"]}, {"score": 5, "parameters": [0.7138534982047906, 0.4240186134451145, -0.03866624852665734, -0.6306535733582632, -0.8299814295532473, 0.10298478720234638, 0.049170560880392955, -0.09921178217110072, 0.4150336061963176, 0.09582615071083755, -0.6662716606101484, 0.9918600239397888, 0.43484362160667267, -0.7769247294607655, 0.9066250686718522, -0.8090642064531202, -0.8288131866193222, -0.5944097538001911, 0.3940771528057583, 0.030727754107046312, -0.5185229641232258], "functions": ["board_score", "board_tower5", "board_tower4", "board_tower3", "board_tower2", "board_tower1", "board_tower5_enemy", "board_tower4_enemy", "board_tower3_enemy", "board_tower2_enemy", "board_tower1_enemy", "board_isolated_tower5", "board_isolated_tower4", "board_isolated_tower3", "board_isolated_tower2", "board_isolated_tower1", "board_isolated_tower5_enemy", "board_isolated_tower4_enemy", "board_isolated_tower3_enemy", "board_isolated_tower2_enemy", "board_isolated_tower1_enemy"]}, {"score": 6, "parameters": [0.6819613070511796, -0.12959664653548386, 0.09254150286943119, -0.34825235466303206, -0.8847477297483559, 0.8760121747571754, 0.8269397091156445, -0.5071619807276215, 0.9297288295964867, -0.6136251196301217, 0.14412912200868755, 0.6002080956134737, 0.13921084765450198, 0.7147302049819839, 0.5092218385839142, 0.5035254177439723, -0.08142023044131919, 0.24221433220580169, 0.7355661056269882, 0.6704896661248645, -0.14482142910614315], "functions": ["board_score", "board_tower5", "board_tower4", "board_tower3", "board_tower2", "board_tower1", "board_tower5_enemy", "board_tower4_enemy", "board_tower3_enemy", "board_tower2_enemy", "board_tower1_enemy", "board_isolated_tower5", "board_isolated_tower4", "board_isolated_tower3", "board_isolated_tower2", "board_isolated_tower1", "board_isolated_tower5_enemy", "board_isolated_tower4_enemy", "board_isolated_tower3_enemy", "board_isolated_tower2_enemy", "board_isolated_tower1_enemy"]}, {"score": 7, "parameters": [0.5753382339312849, -0.9701346303279645, -0.8302073740615799, -0.05016432257085768, 0.40681648310201357, 0.011659655925000845, -0.9909438387594676, -0.35310368992198393, -0.012907656628589947, 0.9374399620783851, -0.09458590974009162, 0.15340424291527643, -0.1403510100667651, 0.4715129603033852, 0.6503370648718758, 0.3793842157665468, -0.4335460234665838, -0.446681919633648, 0.29555738051942493, -0.18622890620454813, -0.8763397569165137], "functions": ["board_score", "board_tower5", "board_tower4", "board_tower3", "board_tower2", "board_tower1", "board_tower5_enemy", "board_tower4_enemy", "board_tower3_enemy", "board_tower2_enemy", "board_tower1_enemy", "board_isolated_tower5", "board_isolated_tower4", "board_isolated_tower3", "board_isolated_tower2", "board_isolated_tower1", "board_isolated_tower5_enemy", "board_isolated_tower4_enemy", "board_isolated_tower3_enemy", "board_isolated_tower2_enemy", "board_isolated_tower1_enemy"]}, {"score": 8,