{"gen": [{"score": 0, "parameters": [1, 1, -1, 1, -1, 1, 1, -1, -0.03944849582685106, -0.6181755316285318, 0.44191235823226904, 0.9899212066129495, 0.1799603945101671, 0.918889129472998, 0.10048777312002755, 0.10706584523671503, -0.31524518575522076, -0.343840070217744, -0.5622079427119793, -1, 0.3012717505458522], "functions": ["board_score", "board_tower5", "board_tower4", "board_tower3", "board_tower2", "board_tower1", "board_tower5_enemy", "board_tower4_enemy", "board_tower3_enemy", "board_tower2_enemy", "board_tower1_enemy", "board_isolated_tower5", "board_isolated_tower4", "board_isolated_tower3", "board_isolated_tower2", "board_isolated_tower1", "board_isolated_tower5_enemy", "board_isolated_tower4_enemy", "board_isolated_tower3_enemy", "board_isolated_tower2_enemy", "board_isolated_tower1_enemy"]}, {"score": 1, "parameters": [0.42071394720114674, 1, -1, 1, -1, 0.08607888557812715, 0.5838536982992937, -1, -0.5954259580684425, 0.3312304375677593, 0.44191235823226904, 0.9899212066129495, 0.1799603945101671, 0.918889129472998, 0.10048777312002755, 0.10706584523671503, -0.31524518575522076, -0.9803229565820908, -0.5622079427119793, -1, 0.3012717505458522], "functions": ["board_score", "board_tower5", "board_tower4", "board_tower3", "board_tower2", "board_tower1", "board_tower5_enemy", "board_tower4_enemy", "board_tower3_enemy", "board_tower2_enemy", "board_tower1_enemy", "board_isolated_tower5", "board_isolated_tower4", "board_isolated_tower3", "board_isolated_tower2", "board_isolated_tower1", "board_isolated_tower5_enemy", "board_isolated_tower4_enemy", "board_isolated_tower3_enemy", "board_isolated_tower2_enemy", "board_isolated_tower1_enemy"]}, {"score": 2, "parameters": [0.42071394720114674, 1, -1, 1, -1, 1, 0.5838536982992937, -1, -0.03944849582685106, 0.3312304375677593, 0.44191235823226904, 0.9899212066129495, 0.1799603945101671, 0.918889129472998, 0.10048777312002755, 0.6339964620460934, -0.31524518575522076, -0.9803229565820908, -0.5622079427119793, -1, 0.3012717505458522], "functions": ["board_score", "board_tower5", "board_tower4", "board_tower3", "board_tower2", "board_tower1", "board_tower5_enemy", "board_tower4_enemy", "board_tower3_enemy", "board_tower2_enemy", "board_tower1_enemy", "board_isolated_tower5", "board_isolated_tower4", "board_isolated_tower3", "board_isolated_tower2", "board_isolated_tower1", "board_isolated_tower5_enemy", "board_isolated_tower4_enemy", "board_isolated_tower3_enemy", "board_isolated_tower2_enemy", "board_isolated_tower1_enemy"]}, {"score": 3, "parameters": [0.42071394720114674, 1, -1, 1, -1, 1, 0.5838536982992937, -1, -0.03944849582685106, 0.3312304375677593, 0.44191235823226904, 0.9899212066129495, -0.3102039338361722, 0.918889129472998, 0.10048777312002755, 0.10706584523671503, -0.31524518575522076, -0.343840070217744, -0.5622079427119793, -1, 0.3012717505458522], "functions": ["board_score", "board_tower5", "board_tower4", "board_tower3", "board_tower2", "board_tower1", "board_tower5_enemy", "board_tower4_enemy", "board_tower3_enemy", "board_tower2_enemy", "board_tower1_enemy", "board_isolated_tower5", "board_isolated_tower4", "board_isolated_tower3", "board_isolated_tower2", "board_isolated_tower1", "board_isolated_tower5_enemy", "board_isolated_tower4_enemy", "board_isolated_tower3_enemy", "board_isolated_tower2_enemy", "board_isolated_tower1_enemy"]}, {"score": 4, "parameters": [0.42071394720114674, 1, -1, 1, -1, 1, 0.5838536982992937, -1, -0.9941834694442759, 0.3312304375677593, 0.44191235823226904, 0.9899212066129495, 0.1799603945101671, 0.918889129472998, 0.10048777312002755, 0.10706584523671503, -0.31524518575522076, -0.343840070217744, -0.5622079427119793, -1, 0.3012717505458522], "functions": ["board_score", "board_tower5", "board_tower4", "board_tower3", "board_tower2", "board_tower1", "board_tower5_enemy", "board_tower4_enemy", "board_tower3_enemy", "board_tower2_enemy", "board_tower1_enemy", "board_isolated_tower5", "board_isolated_tower4", "board_isolated_tower3", "board_isolated_tower2", "board_isolated_tower1", "board_isolated_tower5_enemy", "board_isolated_tower4_enemy", "board_isolated_tower3_enemy", "board_isolated_tower2_enemy", "board_isolated_tower1_enemy"]}, {"score": 5, "parameters": [1, 1, -1, 1, -1, 1, 0.5838536982992937, -1, -0.5954259580684425, 0.3312304375677593, 0.44191235823226904, 0.9899212066129495, 0.1799603945101671, 0.918889129472998, 0.10048777312002755, 0.10706584523671503, -0.31524518575522076, -0.9803229565820908, -0.5622079427119793, -1, 0.3012717505458522], "functions": ["board_score", "board_tower5", "board_tower4", "board_tower3", "board_tower2", "board_tower1", "board_tower5_enemy", "board_tower4_enemy", "board_tower3_enemy", "board_tower2_enemy", "board_tower1_enemy", "board_isolated_tower5", "board_isolated_tower4", "board_isolated_tower3", "board_isolated_tower2", "board_isolated_tower1", "board_isolated_tower5_enemy", "board_isolated_tower4_enemy", "board_isolated_tower3_enemy", "board_isolated_tower2_enemy", "board_isolated_tower1_enemy"]}, {"score": 6, "parameters": [0.42071394720114674, 1, -1, 0.9482962420151604, -1, 1, 0.5838536982992937, -1, -0.03944849582685106, 0.3312304375677593, 0.44191235823226904, 0.9899212066129495, 0.1799603945101671, 0.918889129472998, 0.10048777312002755, 0.10706584523671503, -0.31524518575522076, -0.9803229565820908, -0.5622079427119793, -1, 0.3012717505458522], "functions": ["board_score", "board_tower5", "board_tower4", "board_tower3", "board_tower2", "board_tower1", "board_tower5_enemy", "board_tower4_enemy", "board_tower3_enemy", "board_tower2_enemy", "board_tower1_enemy", "board_isolated_tower5", "board_isolated_tower4", "board_isolated_tower3", "board_isolated_tower2", "board_isolated_tower1", "board_isolated_tower5_enemy", "board_isolated_tower4_enemy", "board_isolated_tower3_enemy", "board_isolated_tower2_enemy", "board_isolated_tower1_enemy"]}, {"score": 7, "parameters": [1, 1, -1, 0.9482962420151604, -1, 1, 0.5838536982992937, -1, -0.03944849582685106, 0.35071092304091445, 0.44191235823226904, 0.9899212066129495, 0.1799603945101671, 0.918889129472998, 0.10048777312002755, 0.10706584523671503, -0.31524518575522076, -0.9803229565820908, -0.5622079427119793, -1, 0.3012717505458522], "functions": ["board_score", "board_tower5", "board_tower4", "board_tower3", "board_tower2", "board_tower1", "board_tower5_enemy", "board_tower4_enemy", "board_tower3_enemy", "board_tower2_enemy", "board_tower1_enemy", "board_isolated_tower5", "board_isolated_tower4", "board_isolated_tower3", "board_isolated_tower2", "board_isolated_tower1", "board_isolated_tower5_enemy", "board_isolated_tower4_enemy", "board_isolated_tower3_enemy", "board_isolated_tower2_enemy", "board_isolated_tower1_enemy"]}, {"score": 8, "parameters": [1, 1, -1, 1, -1, 1, 0.5838536982992937, -1, -0.03944849582685106, 0.3312304375677593, 0.44191235823226904, 0.9899212066129495, 0.1799603945101671, 0.918889129472998, 0.10048777312002755, 0.10706584523671503, -0.31524518575522076, -0.343840070217744, -0.5622079427119793, -1, 0.3012717505458522], "functions": ["board_score", "board_tower5", "board_tower4", "board_tower3", "board_tower2", "board_tower1", "board_tower5_enemy", "board_tower4_enemy", "board_tower3_enemy", "board_tower2_enemy", "board_tower1_enemy", "board_isolated_tower5", "board_isolated_tower4", "board_isolated_tower3", "board_isolated_tower2", "board_isolated_tower1", "board_isolated_tower5_enemy", "board_isolated_tower4_enemy", "board_isolated_tower3_enemy", "board_isolated_tower2_enemy", "board_isolated_tower1_enemy"]}, {"score": 9, "parameters": [0.42071394720114674, 1, -1, 0.9482962420151604, -1, 1, 0.5838536982992937, -1, -0.03944849582685106, 0.3312304375677593, 0.44191235823226904, 0.9899212066129495, 0.1799603945101671, 0.918889129472998, 0.10048777312002755, 0.10706584523671503, -0.31524518575522076, -0.9803229565820908, -0.5622079427119793, -1, 0.3012717505458522],