{"gen": [{"score": 100, "parameters": [0.42527338171362505, -0.8611096168039635, 0.8058303104001815, -0.31834540711451764, 0.0704745434306614, -0.713900667235596, -0.009915732228316543, -0.18171226581997502, -0.3640330345841897, 0.0016844430468342386, 0.6322380188672801, 0.7785206257951898, 0.8140561291466145, 0.9318461928617912, -0.6121024536107234, -0.5951341609014636, -0.4886864526865944, -0.9845410889987655, 0.11086792111000876, -0.2939583688547377, 0.5201451330239235, 0, 0.7734793737503474,0.38943183495606826, -0.33288295402148504, 0.2915126807994698, 0.6321093968388571, -0.19617099525940007, -0.30264357777195317, -0.35238542794390293, 0.21886513659756623, -0.42942105526749885, 0.5919037771618398, 0.4401817690594282, 0.8220606383061779, 0.8368894402248228, 0.6228291752399198, -0.4640505977588232, -0.6144121075955877, -0.15347749992201365, 0.26838730219647566, 0.01859478036807749, -0.4146283643125561, 0, -0.5524194651733886, 0.9180780656049775], "functions": ["single_loop_isolated_tower", "enemy_single_loop_isolated_tower", "single_loop_tower5", "single_loop_tower4", "single_loop_tower3", "single_loop_tower2", "enemy_single_loop_tower5", "enemy_single_loop_tower4", "enemy_single_loop_tower3", "enemy_single_loop_tower2", "single_loop_isolated_tower4", "single_loop_isolated_tower3", "single_loop_isolated_tower2", "single_loop_isolated_tower1", "enemy_single_loop_isolated_tower4", "enemy_single_loop_isolated_tower3", "enemy_single_loop_isolated_tower2","enemy_single_loop_isolated_tower1", "moveable_tower","enemy_moveable_tower","wineable_tower", "enemy_wineable_tower", "score"]}]}