{"gen": [{"score": 0, "parameters": [-0.9236794536856103, 0.3560667095865697, -0.48155216351893926, 0.302979493675527, 0.2535453636511109, -0.4354498235452964, 0.47330145927283396, 0.47523486742988696, 0.4383613181869792, -0.70483432913482]}, {"score": 1, "parameters": [0.6548983039731848, 0.7452615144419414, 0.36995170493902374, -0.7910933834787643, 0.10702659763858757, 0.6859717087391188, -0.3069246734715345, -0.5487159707708757, -0.6724199592021118, -0.0933011770417509]}, {"score": 2, "parameters": [0.8145768925916903, 0.08241505646421321, -0.6764110612744847, -0.24723890011617655, 0.6687648157191184, -0.6556318480203815, 0.492249452464657, -0.8904308476759093, -0.4734795593705159, 0.4586321540550322]}]}