{"gen": [{"score": 1000, "parameters": [0.985207453849724, -0.285065248287748, 0.7178960007940456, -0.6494173364507794, -0.4773158162217288, -0.8690910602200572, 0.514470516734165, -0.13447748449797226, 0.01684950128046598, 0.017789170934121863, 0.8022994000131811, -0.031838241701956926]}]}


