Pool id; Agent -1; Agent 1; % of -1, % of 0, % of 1
0;Agent;Agent;[0.0, 0.0, 1.0]
1;Agent;Agent;[0.6666666666666666, 0.0, 0.3333333333333333]
