{"gen": [{"name": "", "score": -8, "weights": [[[-1.4047615293927058, 0.2625130300635262, 2.3663893836779843, 0.9544105280473532, -1.2986069654914532, -0.6563654157034075, 0.2893208976897889, -0.1953112180635344, -1.7570968955585164], [0.6607955696489823, 1.3303109632789965, 0.9336224637585311, 0.2809845425468299, 0.9953622069847913, 0.2228679852577663, -2.5119225121416973, -0.27782997783376334, -0.2798052353723553], [1.0261999679331635, -0.4355069790663008, -1.5508114000677726, 1.377332646742687, -0.693825662129502, 0.15772324983252387, 0.2419144947855234, -0.819957894819319, 1.4531617862622723], [0.18824184329498836, 0.24852718385152417, -0.9605374617966366, -0.47172606298623354, 0.518530021424749, -1.2090746021013536, -0.8075700026692139, -1.6693251643793097, 0.7616399205051825], [0.7010978556553106, -0.026566436518966428, 2.6886046201584293, -0.7160273770826693, -0.8949921892074643, -0.17497136344249412, 2.902999187959505, -0.7550752169163784, -1.7828893485516588], [-0.5283628974379873, -0.6351027957017324, 0.5612629542597222, 0.3467521575067414, 2.4150499033655843, 1.094765060856494, -0.791028001106371, 0.9672787902889796, -2.093433737832888], [0.034101826875879794, 1.6940518436788101, -0.8988006999614817, -1.0352862559343587, -0.3312419304295301, 1.0983053532922575, 0.4111088817790506, 1.0901661410679122, 0.02268664781456197], [0.30059556245811764, 0.550706200066268, -0.4057635738943021, -0.15501437476782065, 2.634643481512505, -1.2952148758006106, -0.14633301639487314, -1.2530926477566866, -0.6687107019737761], [-0.23313717935956405, -0.05099742214468637, -0.7988415823639088, 0.09624397036250222, 0.6631002904986113, -1.0506339111664633, -0.664311899373675, 1.2584254018943404, 0.04656095554974928]], [[-1.4004557491151923, -1.3321415537640033, -0.4022095382834327, -2.26103126404015, -0.4476234927807066, 0.9525250333779465, -0.6223637600764412, 1.4350744637880648, -1.1846042443812697], [1.1141730709099724, 0.34334335700519436, 0.0738087438091287, 0.0975431619806599, 1.5522668353263842, -1.1507103280507285, 0.08510839482701292, -0.2500318851386972, -1.2032097859486948], [-0.6043866500717492, 0.45552671095197533, 1.293630352738695, 1.1347446525044051, 1.503405878608836, 1.3962687380324175, 0.4543980211307039, 1.2001626786860653, 0.6157540716899013], [-2.137688643811099, 0.8304340427358401, 0.28778027969051356, -2.283716251178795, 0.04142999427849826, -1.5139450866325643, -0.7466629979711987, -0.04641771092372446, 0.49126335478698735], [0.5121586637434924, 1.6038181212735747, 0.42408604620700036, 0.33129146185813285, 0.5392791981209326, -0.18278282281682964, 0.0647203373987502, 1.4621992602393674, -1.191872550802053], [-2.185942450126022, 2.108473121382681, -0.8214800758776309, -0.06972640831238072, -1.3824191727073025, 0.5124299938826542, 1.6671227806312419, 0.6409250042539105, -1.3107818362204677], [-0.06361329820491686, -1.3097555706418837, 0.14331827297932037, -0.7925871652887956, -0.028364821622039682, -2.127871172473042, 0.8931906878997835, 0.08555732804486672, 0.7579556929917011], [-1.5015728733452536, -0.4921367706568989, 1.8798602833669953, 0.23800715650699572, -0.9448716529559277, 0.4808387222683235, 0.08624211814889593, 1.013570966632161, 0.3350379675910857], [0.041445751594724176, -1.1920125729967563, 1.8848476203391233, -2.4708607072473576, 0.36827761359150596, 0.3698301071746065, -1.2171494094797415, 0.054315824659186385, -0.0005685678889321374]]], "biases": [[[0.21129627093620848], [-3.284024497619244], [0.1482910909300061], [-1.5348788397344837], [2.8294694510495457], [-1.0999954066432693], [-0.011582542179136152], [1.676868856849077], [1.0032147101548163]], [[0.016287477360999822], [-0.38946779180372026], [1.0040835851988692], [-0.5826186091670299], [1.0822482822006942], [-1.5315441895157926], [0.5193583603684097], [-1.0284765605582036], [-0.7335666255092693]]], "layers": [9, 9, 9]}, {"name": "", "score": -2, "weights": [[[-1.7554362229587515, 1.1920782509062668, 0.6157108243960991, -0.8433721883853325, 0.15450119624751885, 0.5210474483337937, -0.23091562038273822, 0.06511922246774374, -0.20214166762258093], [1.7814124330874455, 0.1022544959546416, -1.6216088927872505, -0.6929294148218591, 0.975561995989692, 0.09732006510370436, 0.2845066005327215, 0.5642416294556916, 1.2517396476738083], [-0.10112061026439814, -0.9175165717198792, -0.3470769041597739, -1.3422419265476695, -1.7591273389891742, -1.147120789745926, 0.6078820545860207, 0.8546040132115021, -0.8009228822463975], [1.2401387445930752, 0.19189484947283492, 1.0556341663774118, 0.17239520035292302, 0.22027361456970948, -1.0197323919966519, -1.37655061966687, 0.6710812594687103, 0.31833859187824226], [-0.26706722228042473, -1.197199873000952, -0.6092523439436192, -0.3605706999761328, 0.000932777103979668, -0.18423980559942735, -0.9552401424040848, 0.25168144323907876, -0.768263584476566], [0.18388341577929204, -0.22410216263953112, 0.7517880532347894, -1.8585130545844897, 1.150104336374292, -0.8712999627448631, 0.5384892882352491, -0.26709229481782054, -1.4310639612038627], [-0.23194567031162208, 0.8192696894568254, 1.555634396617067, 3.2078234625411675, -1.0695083212873397, 1.4228362596646698, -0.7900678830393724, -0.31968369998239915, -1.0043511074152642], [1.1952262966515155, -0.22197508328438076, 2.0426665722309596, 0.3070508641248319, 0.03780082434459632, -0.24383826421685992, 0.760739000976331, 0.38217873661380963, 0.5741395024003125], [-0.09984527271628325, 1.1760580855753824, -1.7997558757016552, 0.34791279074788634, -0.5050446592440039, 0.3314121716322582, -0.05538808093789567, -1.2211044069186752, 0.6236454352266467]], [[-0.3627023961991565, 0.7829142961521856, 1.2618430480925948, 0.5803535105050146, 0.9327107522137812, 0.1568833848408618, 1.697678124051516, -1.8504655712114166, -1.7017953222870839], [-1.0151270235768428, 0.9111416997042079, 0.24397710563145583, -0.49659868377952543, -2.5691062227988466, -1.9405415722522406, 1.8470827498642883, 0.15099770719826902, -1.9644319162535273], [1.6748153021956818, 1.18426865416479, 1.6115320678530405, -2.3193342146519385, -0.9955331854137934, 1.4051670343303586, -0.4270204373387193, 1.9404475476365868, 0.08983860176813657], [-2.57033517138252, 0.6689453960589153, 0.2036129407348345, 0.2258278588039799, 0.472052938908911, 0.1319855012289009, -0.01379570880081515, -0.8361871202437221, 0.8807192591873945], [0.16923266999689815, -1.081986582972723, 1.5372776836331208, 1.843943324445858, 1.0611988123355274, -1.2068967506057346, -0.5036561858426571, -0.8330751306694765, -0.9061340828849892], [-0.10514133450139655, -0.6974315017076014, 1.421806065498996, 0.5227576140674977, 1.3252351652921424, 0.0831244328956676, 0.41979706854496335, -0.028901322184317412, -0.19086874599525247], [0.10783677367245498, -0.6387376953169162, -0.9107788910291686, 0.09624490079589072, 2.9879266081258593, 1.5553970135529314, -0.036564140560516795, -2.354559531315093, 0.48031292228310063], [-0.05181491771653658, 0.8878399455593304, 1.3050056764836373, 1.5672415549648, 0.024078998787504084, 0.3627924477483479, -0.005368183534638539, 0.45135409722346015, 0.3270651109420475], [-0.48107208198561974, 0.9903509664381153, -1.4294421136227184, -1.0811859498896803, -0.14383197128329783, -0.24992652038270938, 0.8949867038941662, 1.3055085922042058, -0.5959050019523049]]], "biases": [[[0.7068599304371429], [0.14581186045564687], [0.49488595942389263], [-0.39230290637712373], [-0.9692443367446496], [-0.026609550453873008], [0.3986321072627548], [0.8515490104605364], [0.9982026122840842]], [[1.2675454241748634], [0.490157073465019], [-0.33442171131156434], [0.9539650835909684], [1.4797593492256422], [0.4113831794390262], [-0.5835714114553868], [-2.445962978142142], [0.09218974449843284]]], "layers": [9, 9, 9]}, {"name": "", "score": 10,