{"gen": [{"name": "", "score": -4, "weights": [[[-2.037956606764885, 0.8157180120977626, -0.3072502552477337, 0.07839678945170231, -1.0520848902431694, 0.7402696662532946, 0.2526444274810596, -0.5600386423103751, -0.0865999782241517], [0.41047255761697216, -0.9623565246704914, 0.5709962401453355, -1.3117496223195158, -0.3472285706866921, -0.6758579185148232, -0.4272642058835577, -0.47323406639896054, -0.14482054065826963], [-2.536790617849709, -0.706370191766437, -1.71178222398031, 1.3075648848862513, -0.4248741071709112, -0.12478254450139133, -0.1289006861674449, -0.1299637942635702, 2.441578345376849], [-0.3534514984615268, 1.646510758939331, -0.7510327459137431, -0.7109127692752809, 1.1621235575111868, 0.3779350239198807, 0.7782228149636093, 0.5863240838738398, -1.2054318570423446], [-0.30049445804714087, -2.8576528206799026, 1.809350979971432, -0.04023162830317579, -0.14840797348997237, 0.062301825609408265, -0.31413036168595876, -0.5381040084989356, -0.05408369535437719], [-0.016551134862833834, 0.26948951921390096, -0.5824368459502338, -0.1469785641185907, 0.35946465872707467, 1.2221172500175417, 0.7604929374491777, 1.78139900327516, -0.29583872631680197], [-0.1664268115076145, 0.4471780249567666, -0.3613590255999883, -0.5943610131169114, 0.2751784197140884, -0.4659960922597486, -0.7099221872394859, 1.8469659922447366, 0.18493298736741734], [-0.3717819700309372, 0.26278683957856297, -0.07844881158090804, -1.8950831174228948, -0.03397333232599872, -0.27976190669170004, -0.5509120673476486, 0.7005174079339161, 0.5901582266061779], [-0.21985596819525657, -0.8801826825713225, -0.4801475677447271, 0.15054751388493276, -0.47236984255737524, -1.5251255191605004, -1.2425352403885273, -0.9524137220430399, 2.6402153429188266]], [[0.6612123446999422, -0.3590429920860775, -0.971643188035391, -0.0419954889301432, 0.5243128114004456, 1.9424204802049978, -0.022872101033820928, 0.08903487746584589, -1.40475649183462], [-0.7636449603743373, 0.43976865490000955, -0.23981314917433816, -2.2557386322500794, -0.46599412367123416, 0.034323883254277786, 1.06136556545943, 1.2428212312786662, -0.3626972157934742], [1.1942702772170046, 0.8440424410589955, -2.3048542840987842, 0.05802843656289087, -0.2777764114352516, 0.00805746688237467, 0.20572089489735867, -0.4780983260253797, 2.0954837568530222], [-0.7578663187922684, 0.6943177237767074, -0.17031651053389893, -0.2193343055876171, -0.16366573503629253, 0.21805877743339325, 0.13443021771765812, -1.1753182201988845, 0.7952579346728409], [-1.6936500021057648, 0.7337961176282858, -0.8140546131177769, 0.547439811201049, 1.5765553357538986, 0.5001081896033315, 1.1289174354576665, 0.28628665769003186, -0.8817869635599077], [-1.4875942980471075, 0.5529708066151294, -1.1796067473878753, -0.44688796637997985, -0.5674299834377142, 0.04714042997438675, 1.4780784915295735, 0.2791301980891978, 2.0905309106232735], [0.5790184793288184, 1.42810291770171, -0.05219833203896884, 1.512607574444271, 0.9137641713083376, -0.7590174854172425, -0.5550554538081005, -0.03816512817582777, -0.39057922897956104], [0.48370053386352213, -0.04137287055063121, -0.8458267683706229, -0.6816130123766584, 0.36669408487439503, -1.4333663016561935, -0.5515902643884314, 0.8099542072365885, 0.4845208143649367], [-1.408685036210005, 0.5561014766633634, 1.3186626800648034, 0.360006199991594, 0.19771750892364381, 0.18921569693826076, -0.6337854409040634, -0.3304572994973123, 0.8589125090038761]]], "biases": [[[0.31935467436611203], [-2.0860004950828444], [0.02899847049481188], [-0.6376561274916294], [-0.3964458944913181], [1.2346776790242384], [0.2634674608998449], [-0.8827095323372472], [1.3833930790667222]], [[1.0865292487559983], [-0.6888115403310545], [0.03094415403081106], [-1.7883599764198992], [0.8308947428990243], [2.1314668627907443], [-0.13312150162178102], [-0.7441542060842445], [-0.22724724565256552]]], "layers": [9, 9, 9]}, {"name": "", "score": 0, "weights": [[[-2.037956606764885, 0.8157180120977626, -0.3072502552477337, 0.07839678945170231, -1.0520848902431694, 0.7402696662532946, 0.2526444274810596, -0.5600386423103751, -0.0865999782241517], [0.41047255761697216, -0.9623565246704914, 0.5709962401453355, -1.3117496223195158, -0.3472285706866921, -0.6758579185148232, -0.4272642058835577, -0.47323406639896054, -0.14482054065826963], [-2.536790617849709, -0.706370191766437, -1.71178222398031, 1.3075648848862513, -0.4248741071709112, -0.12478254450139133, -0.1289006861674449, -0.1299637942635702, 2.441578345376849], [-0.3534514984615268, 1.646510758939331, -0.7510327459137431, -0.7109127692752809, 1.1621235575111868, 0.3779350239198807, 0.7782228149636093, 0.5863240838738398, -1.2054318570423446], [-0.30049445804714087, -2.8576528206799026, 1.809350979971432, -0.04023162830317579, -0.14840797348997237, 0.062301825609408265, -0.31413036168595876, -0.5381040084989356, -0.05408369535437719], [-0.016551134862833834, 0.26948951921390096, -0.5824368459502338, -0.1469785641185907, 0.35946465872707467, 1.2221172500175417, 0.7604929374491777, 1.78139900327516, -0.29583872631680197], [-0.1664268115076145, 0.4471780249567666, -0.3613590255999883, -0.5943610131169114, 0.2751784197140884, -0.4659960922597486, -0.7099221872394859, 1.8469659922447366, 0.18493298736741734], [-0.3717819700309372, 0.26278683957856297, -0.07844881158090804, -1.8950831174228948, -0.03397333232599872, -0.27976190669170004, -0.5509120673476486, 0.7005174079339161, 0.5901582266061779], [-0.21985596819525657, -0.8801826825713225, -0.4801475677447271, 0.15054751388493276, -0.47236984255737524, -1.5251255191605004, -1.2425352403885273, -0.9524137220430399, 2.6402153429188266]], [[0.6612123446999422, -0.3590429920860775, -0.971643188035391, -0.0419954889301432, 0.5243128114004456, 1.9424204802049978, -0.022872101033820928, 0.08903487746584589, -1.40475649183462], [-0.7636449603743373, 0.43976865490000955, -0.23981314917433816, -2.2557386322500794, -0.46599412367123416, 0.034323883254277786, 1.06136556545943, 1.2428212312786662, -0.3626972157934742], [1.1942702772170046, 0.8440424410589955, -2.3048542840987842, 0.05802843656289087, -0.2777764114352516, 0.00805746688237467, 0.20572089489735867, -0.4780983260253797, 2.0954837568530222], [-0.7578663187922684, 0.6943177237767074, -0.17031651053389893, -0.2193343055876171, -0.16366573503629253, 0.21805877743339325, 0.13443021771765812, -1.1753182201988845, 0.7952579346728409], [-1.6936500021057648, 0.7337961176282858, -0.8140546131177769, 0.547439811201049, 1.5765553357538986, 0.5001081896033315, 1.1289174354576665, 0.28628665769003186, -0.8817869635599077], [-1.4875942980471075, 0.5529708066151294, -1.1796067473878753, -0.44688796637997985, -0.5674299834377142, 0.04714042997438675, 1.4780784915295735, 0.2791301980891978, 2.0905309106232735], [0.5790184793288184, 1.42810291770171, -0.05219833203896884, 1.512607574444271, 0.9137641713083376, -0.7590174854172425, -0.5550554538081005, -0.03816512817582777, -0.39057922897956104], [0.48370053386352213, -0.04137287055063121, -0.8458267683706229, -0.6816130123766584, 0.36669408487439503, -1.4333663016561935, -0.5515902643884314, 0.8099542072365885, 0.4845208143649367], [-1.408685036210005, 0.5561014766633634, 1.3186626800648034, 0.360006199991594, 0.19771750892364381, 0.18921569693826076, -0.6337854409040634, -0.3304572994973123, 0.8589125090038761]]], "biases": [[[0.31935467436611203], [-2.0860004950828444], [0.02899847049481188], [-0.6376561274916294], [-0.3964458944913181], [1.2346776790242384], [0.2634674608998449], [-0.8827095323372472], [1.3833930790667222]], [[1.0865292487559983], [-0.6888115403310545], [0.03094415403081106], [-1.7883599764198992], [0.8308947428990243], [2.1314668627907443], [-0.13312150162178102], [-0.7441542060842445], [-0.22724724565256552]]], "layers": [9, 9, 9]}, {"name": "", "score": 4,